count,latitude,longitude,yaw,cmd,pwm,voltage,current,power,energy,distance,heading_diff,waypoint_num
0.1,34.7950179,135.6401442,170.6152841082238,4,50,11.3425,0.291,3.325,0.0033250000000000003,7339.226696762887,-67.08461180411715,0
0.2,34.7949877,135.6401508,170.61547535352057,4,50,11.3475,0.296,3.325,0.0066500000000000005,7340.597657976428,-67.0603805855854,0
0.30000000000000004,34.7949877,135.6401508,170.61547535352057,4,50,11.34625,0.298,3.4,0.01005,7340.597657976428,-67.0603805855854,0
0.4,34.7949877,135.6401508,170.61547535352057,4,50,11.34375,0.291,3.325,0.013375,7340.597657976428,-67.0603805855854,0
0.5,34.7949727,135.6401541,170.61666380643612,4,50,11.34875,0.296,3.35,0.016725,7341.281035057068,-67.04944575616435,0
0.6,34.7949727,135.6401541,170.61666380643612,4,50,11.34625,0.296,3.35,0.020075,7341.281035057068,-67.04944575616435,0
0.7,34.7949727,135.6401541,170.61666380643612,4,50,11.34625,0.29,3.275,0.02335,7341.281035057068,-67.04944575616435,0
0.7999999999999999,34.7949425,135.6401607,170.61632229697764,4,50,11.34625,0.308,3.475,0.026824999999999998,7342.65397578805,-67.02469551349698,0
0.8999999999999999,34.7949425,135.6401607,170.61632229697764,4,50,11.345,0.294,3.325,0.03015,7342.65397578805,-67.02469551349698,0
0.9999999999999999,34.7949425,135.6401607,170.61632229697764,4,50,11.34625,0.299,3.4,0.033549999999999996,7342.65397578805,-67.02469551349698,0
1.0999999999999999,34.7949425,135.6401607,170.61632229697764,4,50,11.3475,0.293,3.35,0.036899999999999995,7342.65397578805,-67.02469551349698,0
1.2,34.7949122,135.6401674,170.61632229697764,4,50,11.345,0.291,3.325,0.040225,7344.039742027812,-67.0002283506121,0
1.3,34.7949122,135.6401674,170.61632229697764,4,50,11.34375,0.3,3.35,0.043574999999999996,7344.039742027812,-67.0002283506121,0
1.4000000000000001,34.7949122,135.6401674,170.61632229697764,4,50,11.3475,0.29,3.275,0.046849999999999996,7344.039742027812,-67.0002283506121,0
1.5000000000000002,34.7948972,135.6401707,170.61124063623515,4,50,11.3475,0.296,3.35,0.050199999999999995,7344.724759470127,-66.98303482753907,0
1.6000000000000003,34.7948972,135.6401707,170.61124063623515,4,50,11.3475,0.293,3.325,0.053524999999999996,7344.724759470127,-66.98303482753907,0
1.7000000000000004,34.7948972,135.6401707,170.61124063623515,4,50,11.34625,0.293,3.35,0.056874999999999995,7344.724759470127,-66.98303482753907,0
1.8000000000000005,34.7948668,135.6401774,170.61124063623515,4,50,11.34625,0.298,3.4,0.060274999999999995,7346.115127284332,-66.95849711164692,0
1.9000000000000006,34.7948668,135.6401774,170.61124063623515,4,50,11.34875,0.291,3.325,0.06359999999999999,7346.115127284332,-66.95849711164692,0
2.0000000000000004,34.7948668,135.6401774,170.61124063623515,4,50,11.34625,0.3,3.4,0.06699999999999999,7346.115127284332,-66.95849711164692,0
2.1000000000000005,34.7948668,135.6401774,170.61124063623515,4,50,11.345,0.3,3.4,0.07039999999999999,7346.115127284332,-66.95849711164692,0
2.2000000000000006,34.7948518,135.6401807,170.60110463550686,4,50,11.345,0.29,3.275,0.07367499999999999,7346.801129923562,-66.93625612350708,0
2.3000000000000007,34.7948518,135.6401807,170.60110463550686,4,50,11.3475,0.29,3.275,0.07694999999999999,7346.801129923562,-66.93625612350708,0
2.400000000000001,34.7948518,135.6401807,170.60110463550686,4,50,11.34625,0.294,3.325,0.08027499999999999,7346.801129923562,-66.93625612350708,0
2.500000000000001,34.7948216,135.6401874,170.5995883335111,4,50,11.34625,0.289,3.275,0.08354999999999999,7348.188248311986,-66.9103848231998,0
2.600000000000001,34.7948216,135.6401874,170.5995883335111,4,50,11.345,0.289,3.275,0.08682499999999999,7348.188248311986,-66.9103848231998,0
2.700000000000001,34.7948216,135.6401874,170.5995883335111,4,50,11.3475,0.293,3.325,0.09014999999999998,7348.188248311986,-66.9103848231998,0
2.800000000000001,34.7947913,135.6401942,170.59579074833258,4,50,11.345,0.29,3.275,0.09342499999999998,7349.588202038441,-66.8821740814432,0
2.9000000000000012,34.7947913,135.6401942,170.59579074833258,4,50,11.34875,0.296,3.35,0.09677499999999999,7349.588202038441,-66.8821740814432,0
3.0000000000000013,34.7947913,135.6401942,170.59579074833258,4,50,11.34375,0.295,3.35,0.10012499999999999,7349.588202038441,-66.8821740814432,0
3.1000000000000014,34.7947913,135.6401942,170.59579074833258,4,50,11.34625,0.293,3.325,0.10344999999999999,7349.588202038441,-66.8821740814432,0
3.2000000000000015,34.7947761,135.6401975,170.59598199362935,4,50,11.34625,0.295,3.35,0.10679999999999999,7350.281099196985,-66.87010310228102,0
3.3000000000000016,34.7947761,135.6401975,170.59598199362935,4,50,11.345,0.296,3.35,0.11015,7350.281099196985,-66.87010310228102,0
3.4000000000000017,34.7947761,135.6401975,170.59598199362935,4,50,11.34625,0.296,3.35,0.1135,7350.281099196985,-66.87010310228102,0
3.5000000000000018,34.7947459,135.6402042,170.59598199362935,4,50,11.34625,0.294,3.325,0.116825,7351.671517352114,-66.84577127791722,0
3.600000000000002,34.7947459,135.6402042,170.59598199362935,4,50,11.34625,0.301,3.4,0.120225,7351.671517352114,-66.84577127791722,0
3.700000000000002,34.7947459,135.6402042,170.59598199362935,4,50,11.345,0.284,3.225,0.12345,7351.671517352114,-66.84577127791722,0
3.800000000000002,34.7947157,135.6402109,170.5938509746083,4,50,11.34625,0.318,3.6,0.12705,7353.063250638844,-66.81931768519057,0
3.900000000000002,34.7947157,135.6402109,170.5938509746083,4,50,11.34375,0.291,3.325,0.130375,7353.063250638844,-66.81931768519057,0
4.000000000000002,34.7947157,135.6402109,170.5938509746083,4,50,11.34625,0.29,3.275,0.13365,7353.063250638844,-66.81931768519057,0
4.100000000000001,34.7947157,135.6402109,170.5938509746083,4,50,11.34625,0.299,3.4,0.13704999999999998,7353.063250638844,-66.81931768519057,0
4.200000000000001,34.7947006,135.6402143,170.59394659725666,4,50,11.345,0.294,3.325,0.14037499999999997,7353.764054468475,-66.80726401185262,0
4.300000000000001,34.7947006,135.6402143,170.59394659725666,4,50,11.34625,0.303,3.45,0.14382499999999998,7353.764054468475,-66.80726401185262,0
4.4,34.7947006,135.6402143,170.59394659725666,4,50,11.345,0.291,3.325,0.14714999999999998,7353.764054468475,-66.80726401185262,0
4.5,34.7946706,135.640221,170.5935777670415,4,50,11.34625,0.291,3.325,0.15047499999999997,7355.15246793936,-66.78275503068954,0
4.6,34.7946706,135.640221,170.5935777670415,4,50,11.345,0.304,3.45,0.15392499999999998,7355.15246793936,-66.78275503068954,0
4.699999999999999,34.7946706,135.640221,170.5935777670415,4,50,11.34625,0.296,3.35,0.15727499999999997,7355.15246793936,-66.78275503068954,0
4.799999999999999,34.7946404,135.6402277,170.6012548996686,4,50,11.3425,0.304,3.45,0.16072499999999998,7356.547476225663,-66.76613269479995,0
4.899999999999999,34.7946404,135.6402277,170.6012548996686,4,50,11.34625,0.305,3.45,0.164175,7356.547476225663,-66.76613269479995,0
4.999999999999998,34.7946404,135.6402277,170.6012548996686,4,50,11.345,0.299,3.275,0.16745,7356.547476225663,-66.76613269479995,0
5.099999999999998,34.7946404,135.6402277,170.6012548996686,4,50,11.34625,0.296,3.35,0.17079999999999998,7356.547476225663,-66.76613269479995,0
5.1999999999999975,34.7946252,135.6402311,170.60916425872747,4,50,11.345,0.298,3.4,0.17419999999999997,7357.252567854317,-66.76182011997868,0
5.299999999999997,34.7946252,135.6402311,170.60916425872747,4,50,11.3475,0.295,3.35,0.17754999999999996,7357.252567854317,-66.76182011997868,0
5.399999999999997,34.7946252,135.6402311,170.60916425872747,4,50,11.34375,0.295,3.325,0.18087499999999995,7357.252567854317,-66.76182011997868,0
5.4999999999999964,34.794595,135.6402378,170.61484697611692,4,50,11.34625,0.298,3.4,0.18427499999999994,7358.649548729993,-66.74321730221489,0
5.599999999999996,34.794595,135.6402378,170.61484697611692,4,50,11.3475,0.296,3.35,0.18762499999999993,7358.649548729993,-66.74321730221489,0
5.699999999999996,34.794595,135.6402378,170.61484697611692,4,50,11.34375,0.301,3.4,0.19102499999999992,7358.649548729993,-66.74321730221489,0
5.799999999999995,34.7945647,135.6402445,170.61879482545717,4,50,11.3425,0.296,3.35,0.1943749999999999,7360.050502256926,-66.722804707969,0
5.899999999999995,34.7945647,135.6402445,170.61879482545717,4,50,11.35,0.298,3.4,0.1977749999999999,7360.050502256926,-66.722804707969,0
5.999999999999995,34.7945647,135.6402445,170.61879482545717,4,50,11.345,0.298,3.4,0.20117499999999988,7360.050502256926,-66.722804707969,0
6.099999999999994,34.7945647,135.6402445,170.61879482545717,4,50,11.34625,0.298,3.4,0.20457499999999987,7360.050502256926,-66.722804707969,0
6.199999999999994,34.7945495,135.6402479,170.62947724131908,4,50,11.345,0.301,3.4,0.20797499999999985,7360.75724768997,-66.7212769013592,0
6.299999999999994,34.7945495,135.6402479,170.62947724131908,4,50,11.34625,0.299,3.4,0.21137499999999984,7360.75724768997,-66.7212769013592,0
6.399999999999993,34.7945495,135.6402479,170.62947724131908,4,50,11.3475,0.298,3.4,0.21477499999999983,7360.75724768997,-66.7212769013592,0
6.499999999999993,34.7945193,135.6402546,170.62947724131908,4,50,11.345,0.291,3.325,0.21809999999999982,7362.157514282746,-66.69701460526989,0
6.5999999999999925,34.7945193,135.6402546,170.62947724131908,4,50,11.345,0.293,3.325,0.22142499999999982,7362.157514282746,-66.69701460526989,0
6.699999999999992,34.7945193,135.6402546,170.62947724131908,4,50,11.3475,0.294,3.325,0.2247499999999998,7362.157514282746,-66.69701460526989,0
6.799999999999992,34.7944894,135.6402619,167.94372391626501,4,50,11.345,0.3,3.4,0.2281499999999998,7363.604364863731,-63.98736394332171,0
6.8999999999999915,34.7944894,135.6402619,167.94372391626501,4,50,11.34625,0.295,3.45,0.2315999999999998,7363.604364863731,-63.98736394332171,0
6.999999999999991,34.7944894,135.6402619,167.94372391626501,4,50,11.3475,0.299,3.4,0.2349999999999998,7363.604364863731,-63.98736394332171,0
7.099999999999991,34.7944894,135.6402619,167.94372391626501,4,50,11.3475,0.31,3.325,0.2383249999999998,7363.604364863731,-63.98736394332171,0
7.19999999999999,34.7944753,135.6402687,149.99069462629154,4,50,11.3425,0.308,3.475,0.2417999999999998,7364.585302834412,-46.02364727253274,0
7.29999999999999,34.7944753,135.6402687,149.99069462629154,4,50,11.3475,0.289,3.275,0.2450749999999998,7364.585302834412,-46.02364727253274,0
7.39999999999999,34.7944753,135.6402687,149.99069462629154,4,50,11.345,0.296,3.35,0.24842499999999978,7364.585302834412,-46.02364727253274,0
7.499999999999989,34.7944498,135.6402896,141.31379988962578,4,50,11.34625,0.299,3.4,0.2518249999999998,7367.123934310044,-37.32891552627818,0
7.599999999999989,34.7944498,135.6402896,141.31379988962578,1,50,11.345,0.29,3.275,0.25509999999999977,7367.123934310044,-37.32891552627818,0
7.699999999999989,34.7944498,135.6402896,141.31379988962578,1,50,11.34625,0.298,3.4,0.2584999999999998,7367.123934310044,-37.32891552627818,0
7.799999999999988,34.794427,135.6403148,137.84674122541395,1,50,11.34375,0.311,3.525,0.2620249999999998,7369.972743012552,-33.84704317631524,0
7.899999999999988,34.794427,135.6403148,137.84674122541395,1,50,11.3475,0.294,3.325,0.2653499999999998,7369.972743012552,-33.84704317631524,0
7.999999999999988,34.794427,135.6403148,137.84674122541395,1,50,11.3475,0.294,3.325,0.26867499999999983,7369.972743012552,-33.84704317631524,0
8.099999999999987,34.794427,135.6403148,137.84674122541395,1,50,11.345,0.293,3.325,0.27199999999999985,7369.972743012552,-33.84704317631524,0
8.199999999999987,34.7944157,135.6403276,137.8480253009779,1,50,11.34625,0.296,3.35,0.2753499999999999,7371.412409102391,-33.841043249766194,0
8.299999999999986,34.7944157,135.6403276,137.8480253009779,1,50,11.3475,0.291,3.325,0.2786749999999999,7371.412409102391,-33.841043249766194,0
8.399999999999986,34.7944157,135.6403276,137.8480253009779,1,50,11.34875,0.29,3.275,0.28194999999999987,7371.412409102391,-33.841043249766194,0
8.499999999999986,34.7943933,135.6403531,137.83111375259296,1,50,11.345,0.294,3.325,0.2852749999999999,7374.277847379463,-33.809722905242886,0
8.599999999999985,34.7943933,135.6403531,137.83111375259296,1,50,11.34375,0.294,3.325,0.2885999999999999,7374.277847379463,-33.809722905242886,0
8.699999999999985,34.7943933,135.6403531,137.83111375259296,1,50,11.34625,0.295,3.35,0.29194999999999993,7374.277847379463,-33.809722905242886,0
8.799999999999985,34.7943708,135.6403788,137.81835495922337,1,50,11.345,0.295,3.35,0.29529999999999995,7377.1641944801895,-33.7825171774528,0
8.899999999999984,34.7943708,135.6403788,137.81835495922337,1,50,11.34625,0.29,3.275,0.2985749999999999,7377.1641944801895,-33.7825171774528,0
8.999999999999984,34.7943708,135.6403788,137.81835495922337,1,50,11.34625,0.299,3.4,0.30197499999999994,7377.1641944801895,-33.7825171774528,0
9.099999999999984,34.7943708,135.6403788,137.81835495922337,1,50,11.3475,0.293,3.325,0.30529999999999996,7377.1641944801895,-33.7825171774528,0
9.199999999999983,34.7943605,135.6403926,125.49366109252888,1,50,11.34625,0.295,3.35,0.30865,7378.666348144471,-21.451565512116854,0
9.299999999999983,34.7943605,135.6403926,125.49366109252888,1,50,11.345,0.308,3.475,0.312125,7378.666348144471,-21.451565512116854,0
9.399999999999983,34.7943605,135.6403926,125.49366109252888,1,50,11.34375,0.29,3.275,0.31539999999999996,7378.666348144471,-21.451565512116854,0
9.499999999999982,34.7943457,135.6404255,125.49366109252888,1,50,11.34625,0.295,3.35,0.31875,7381.985428357752,-21.444838727071133,0
9.599999999999982,34.7943457,135.6404255,125.49366109252888,1,50,11.3425,0.291,3.4,0.32215,7381.985428357752,-21.444838727071133,0
9.699999999999982,34.7943457,135.6404255,125.49366109252888,1,50,11.345,0.3,3.4,0.32555,7381.985428357752,-21.444838727071133,0
9.799999999999981,34.7943334,135.6404596,114.93948886248509,1,50,11.345,0.295,3.35,0.3289,7385.343876499563,-10.886249004682018,0
9.89999999999998,34.7943334,135.6404596,114.93948886248509,1,50,11.34625,0.294,3.325,0.33222500000000005,7385.343876499563,-10.886249004682018,0
9.99999999999998,34.7943334,135.6404596,114.93948886248509,1,50,11.3475,0.299,3.4,0.33562500000000006,7385.343876499563,-10.886249004682018,0
10.09999999999998,34.7943334,135.6404596,114.93948886248509,1,50,11.34625,0.298,3.4,0.3390250000000001,7385.343876499563,-10.886249004682018,0
10.19999999999998,34.7943273,135.6404766,114.84165323281383,1,50,11.3425,0.298,3.4,0.3424250000000001,7387.017332440807,-10.786239400464865,0
10.29999999999998,34.7943273,135.6404766,114.84165323281383,1,50,11.34625,0.291,3.325,0.3457500000000001,7387.017332440807,-10.786239400464865,0
10.399999999999979,34.7943273,135.6404766,114.84165323281383,1,50,11.345,0.299,3.275,0.3490250000000001,7387.017332440807,-10.786239400464865,0
10.499999999999979,34.7943153,135.6405113,114.37009014232699,1,50,11.3475,0.293,3.325,0.3523500000000001,7390.421039237409,-10.310619859155437,0
10.599999999999978,34.7943153,135.6405113,114.37009014232699,1,50,11.34375,0.293,3.325,0.35567500000000013,7390.421039237409,-10.310619859155437,0
10.699999999999978,34.7943153,135.6405113,114.37009014232699,1,50,11.345,0.295,3.35,0.35902500000000015,7390.421039237409,-10.310619859155437,0
10.799999999999978,34.7943094,135.6405284,112.43868339977662,1,50,11.34375,0.293,3.325,0.36235000000000017,7392.09801933373,-8.377226838233824,0
10.899999999999977,34.7943094,135.6405284,112.43868339977662,1,50,11.34625,0.291,3.325,0.3656750000000002,7392.09801933373,-8.377226838233824,0
10.999999999999977,34.7943094,135.6405284,112.43868339977662,1,50,11.34625,0.299,3.35,0.3690250000000002,7392.09801933373,-8.377226838233824,0
11.099999999999977,34.7943094,135.6405284,112.43868339977662,1,50,11.345,0.299,3.4,0.37242500000000023,7392.09801933373,-8.377226838233824,0
11.199999999999976,34.7943006,135.6405641,98.85452997088846,1,50,11.34375,0.291,3.325,0.37575000000000025,7395.504392840153,5.208125924353155,0
11.299999999999976,34.7943006,135.6405641,98.85452997088846,1,50,11.3475,0.294,3.325,0.3790750000000003,7395.504392840153,5.208125924353155,0
11.399999999999975,34.7943006,135.6405641,98.85452997088846,1,50,11.34625,0.293,3.325,0.3824000000000003,7395.504392840153,5.208125924353155,0
11.499999999999975,34.7942998,135.6406013,86.71233875881671,1,50,11.345,0.296,3.35,0.3857500000000003,7398.828575740429,17.344562432015543,0
11.599999999999975,34.7942998,135.6406013,86.71233875881671,1,50,11.345,0.299,3.4,0.38915000000000033,7398.828575740429,17.344562432015543,0
11.699999999999974,34.7942998,135.6406013,86.71233875881671,1,50,11.345,0.296,3.325,0.39247500000000035,7398.828575740429,17.344562432015543,0
11.799999999999974,34.7943025,135.6406199,76.83665703035449,1,50,11.345,0.295,3.35,0.39582500000000037,7400.407285159632,27.214775310621302,0
11.899999999999974,34.7943025,135.6406199,76.83665703035449,1,50,11.34875,0.294,3.325,0.3991500000000004,7400.407285159632,27.214775310621302,0
11.999999999999973,34.7943025,135.6406199,76.83665703035449,1,50,11.345,0.298,3.325,0.4024750000000004,7400.407285159632,27.214775310621302,0
12.099999999999973,34.7943025,135.6406199,76.83665703035449,1,50,11.34375,0.294,3.325,0.40580000000000044,7400.407285159632,27.214775310621302,0
12.199999999999973,34.7943123,135.6406555,68.8213890582095,1,50,11.34625,0.295,3.35,0.40915000000000046,7403.30456827512,35.21570850219715,0
12.299999999999972,34.7943123,135.6406555,68.8213890582095,1,50,11.34375,0.294,3.325,0.4124750000000005,7403.30456827512,35.21570850219715,0
12.399999999999972,34.7943123,135.6406555,68.8213890582095,1,50,11.345,0.295,3.35,0.4158250000000005,7403.30456827512,35.21570850219715,0
12.499999999999972,34.7943264,135.6406888,68.8213890582095,1,50,11.345,0.301,3.4,0.4192250000000005,7405.882635901628,35.19818545195992,0
12.599999999999971,34.7943264,135.6406888,68.8213890582095,1,50,11.345,0.295,3.35,0.42257500000000053,7405.882635901628,35.19818545195992,0
12.69999999999997,34.7943264,135.6406888,68.8213890582095,1,50,11.34625,0.299,3.4,0.42597500000000055,7405.882635901628,35.19818545195992,0
12.79999999999997,34.794334,135.6407052,64.43123715785963,1,50,11.34625,0.313,3.575,0.42955000000000054,7407.134971679119,39.57916356575699,0
12.89999999999997,34.794334,135.6407052,64.43123715785963,1,50,11.34375,0.296,3.35,0.43290000000000056,7407.134971679119,39.57916356575699,0
12.99999999999997,34.794334,135.6407052,64.43123715785963,1,50,11.345,0.293,3.325,0.4362250000000006,7407.134971679119,39.57916356575699,0
13.09999999999997,34.794334,135.6407052,64.43123715785963,1,50,11.3475,0.3,3.4,0.4396250000000006,7407.134971679119,39.57916356575699,0
13.199999999999969,34.7943494,135.6407375,64.43123715785963,1,50,11.3475,0.294,3.325,0.4429500000000006,7409.590445089559,39.56074391559846,0
13.299999999999969,34.7943494,135.6407375,64.43123715785963,1,50,11.34625,0.296,3.35,0.44630000000000064,7409.590445089559,39.56074391559846,0
13.399999999999968,34.7943494,135.6407375,64.43123715785963,1,50,11.34375,0.301,3.4,0.44970000000000065,7409.590445089559,39.56074391559846,0
13.499999999999968,34.7943708,135.6407641,42.437140105826465,1,50,11.34375,0.296,3.325,0.4530250000000007,7411.379905019979,61.53239620249901,0
13.599999999999968,34.7943708,135.6407641,42.437140105826465,3,50,11.3475,0.299,3.4,0.4564250000000007,7411.379905019979,61.53239620249901,0
13.699999999999967,34.7943708,135.6407641,42.437140105826465,3,50,11.3475,0.295,3.35,0.4597750000000007,7411.379905019979,61.53239620249901,0
13.799999999999967,34.7943835,135.6407743,35.28715464868455,3,50,11.345,0.295,3.35,0.46312500000000073,7411.946257972124,68.67002257246769,0
13.899999999999967,34.7943835,135.6407743,35.28715464868455,3,50,11.3475,0.29,3.275,0.4664000000000007,7411.946257972124,68.67002257246769,0
13.999999999999966,34.7943835,135.6407743,35.28715464868455,3,50,11.34625,0.303,3.45,0.4698500000000007,7411.946257972124,68.67002257246769,0
14.099999999999966,34.7943835,135.6407743,35.28715464868455,3,50,11.3475,0.304,3.45,0.4733000000000007,7411.946257972124,68.67002257246769,0
14.199999999999966,34.7944105,135.6407926,34.75626453506697,3,50,11.34375,0.299,3.4,0.47670000000000073,7412.8507576323,69.17522182773293,0
14.299999999999965,34.7944105,135.6407926,34.75626453506697,3,50,11.3475,0.295,3.35,0.48005000000000075,7412.8507576323,69.17522182773293,0
14.399999999999965,34.7944105,135.6407926,34.75626453506697,3,50,11.34625,0.291,3.325,0.4833750000000008,7412.8507576323,69.17522182773293,0
14.499999999999964,34.7944378,135.6408095,29.3312809188522,3,50,11.34625,0.303,3.45,0.4868250000000008,7413.624369128076,74.57450877586274,0
14.599999999999964,34.7944378,135.6408095,29.3312809188522,3,50,11.34625,0.296,3.35,0.4901750000000008,7413.624369128076,74.57450877586274,0
14.699999999999964,34.7944378,135.6408095,29.3312809188522,3,50,11.34625,0.298,3.4,0.4935750000000008,7413.624369128076,74.57450877586274,0
14.799999999999963,34.7944526,135.6408141,18.335581355196698,3,50,11.345,0.294,3.325,0.49690000000000084,7413.639078656977,85.55705667425028,0
14.899999999999963,34.7944526,135.6408141,18.335581355196698,3,50,11.34625,0.294,3.325,0.5002250000000008,7413.639078656977,85.55705667425028,0
14.999999999999963,34.7944526,135.6408141,18.335581355196698,3,50,11.345,0.289,3.325,0.5035500000000008,7413.639078656977,85.55705667425028,0
15.099999999999962,34.7944526,135.6408141,18.335581355196698,3,50,11.34625,0.298,3.4,0.5069500000000008,7413.639078656977,85.55705667425028,0
15.199999999999962,34.7944827,135.6408209,17.85702073590517,3,50,11.34625,0.3,3.4,0.5103500000000007,7413.443129432559,86.00930418598062,0
15.299999999999962,34.7944827,135.6408209,17.85702073590517,3,50,11.34375,0.296,3.35,0.5137000000000007,7413.443129432559,86.00930418598062,0
15.399999999999961,34.7944827,135.6408209,17.85702073590517,3,50,11.345,0.299,3.4,0.5171000000000007,7413.443129432559,86.00930418598062,0
15.499999999999961,34.794513,135.640827,17.55650607280295,3,50,11.34625,0.296,3.35,0.5204500000000006,7413.181223907361,86.2834559038874,0
15.59999999999996,34.794513,135.640827,17.55650607280295,3,50,11.34375,0.293,3.325,0.5237750000000007,7413.181223907361,86.2834559038874,0
15.69999999999996,34.794513,135.640827,17.55650607280295,3,50,11.345,0.343,3.9,0.5276750000000007,7413.181223907361,86.2834559038874,0
15.79999999999996,34.7945283,135.6408298,17.37631372966697,3,50,11.345,0.299,3.4,0.5310750000000006,7413.0246648790635,86.45038304293102,0
15.89999999999996,34.7945283,135.6408298,17.37631372966697,3,50,11.34625,0.299,3.4,0.5344750000000006,7413.0246648790635,86.45038304293102,0
15.99999999999996,34.7945283,135.6408298,17.37631372966697,3,50,11.34625,0.295,3.35,0.5378250000000006,7413.0246648790635,86.45038304293102,0
16.09999999999996,34.7945283,135.6408298,17.37631372966697,3,50,11.34625,0.3,3.4,0.5412250000000005,7413.0246648790635,86.45038304293102,0
16.19999999999996,34.7945586,135.640835,17.156958789377423,3,50,11.345,0.295,3.35,0.5445750000000005,7412.6851074637325,86.64352439008941,0
16.29999999999996,34.7945586,135.640835,17.156958789377423,3,50,11.3425,0.295,3.35,0.5479250000000004,7412.6851074637325,86.64352439008941,0
16.399999999999963,34.7945586,135.640835,17.156958789377423,3,50,11.34625,0.296,3.35,0.5512750000000004,7412.6851074637325,86.64352439008941,0
16.499999999999964,34.7945893,135.6408396,17.156958789377423,3,50,11.34625,0.295,3.35,0.5546250000000004,7412.283201211772,86.61707519712013,0
16.599999999999966,34.7945893,135.6408396,17.156958789377423,3,50,11.34375,0.294,3.325,0.5579500000000004,7412.283201211772,86.61707519712013,0
16.699999999999967,34.7945893,135.6408396,17.156958789377423,3,50,11.34625,0.291,3.325,0.5612750000000004,7412.283201211772,86.61707519712013,0
16.79999999999997,34.7946044,135.6408417,16.72609850370197,3,50,11.34625,0.305,3.45,0.5647250000000004,7412.071646760237,87.03495263331206,0
16.89999999999997,34.7946044,135.6408417,16.72609850370197,3,50,11.34625,0.295,3.35,0.5680750000000003,7412.071646760237,87.03495263331206,0
16.99999999999997,34.7946044,135.6408417,16.72609850370197,3,50,11.345,0.299,3.4,0.5714750000000003,7412.071646760237,87.03495263331206,0
17.099999999999973,34.7946044,135.6408417,16.72609850370197,3,50,11.34375,0.289,3.325,0.5748000000000003,7412.071646760237,87.03495263331206,0
17.199999999999974,34.7946349,135.6408455,16.510481384435714,3,50,11.34375,0.301,3.4,0.5782000000000003,7411.6062150270745,87.22441823816462,0
17.299999999999976,34.7946349,135.6408455,16.510481384435714,3,50,11.345,0.289,3.275,0.5814750000000003,7411.6062150270745,87.22441823816462,0
17.399999999999977,34.7946349,135.6408455,16.510481384435714,3,50,11.3475,0.301,3.4,0.5848750000000003,7411.6062150270745,87.22441823816462,0
17.49999999999998,34.7946655,135.6408487,16.28914739683416,3,50,11.34625,0.294,3.325,0.5882000000000003,7411.0863400962535,87.41961461873058,0
17.59999999999998,34.7946655,135.6408487,16.28914739683416,3,50,11.34375,0.293,3.325,0.5915250000000003,7411.0863400962535,87.41961461873058,0
17.69999999999998,34.7946655,135.6408487,16.28914739683416,3,50,11.345,0.299,3.4,0.5949250000000003,7411.0863400962535,87.41961461873058,0
17.799999999999983,34.7946809,135.6408502,16.28914739683416,3,50,11.345,0.288,3.275,0.5982000000000003,7410.8154606140215,87.40647755234971,0
17.899999999999984,34.7946809,135.6408502,16.28914739683416,3,50,11.3475,0.291,3.325,0.6015250000000003,7410.8154606140215,87.40647755234971,0
17.999999999999986,34.7946809,135.6408502,16.28914739683416,3,50,11.3425,0.29,3.275,0.6048000000000003,7410.8154606140215,87.40647755234971,0
18.099999999999987,34.7946809,135.6408502,16.28914739683416,3,50,11.34375,0.294,3.325,0.6081250000000004,7410.8154606140215,87.40647755234971,0
18.19999999999999,34.7947115,135.6408526,15.804456682762545,3,50,11.34375,0.294,3.325,0.6114500000000004,7410.226741468118,87.86515922403939,0
18.29999999999999,34.7947115,135.6408526,15.804456682762545,0,0,11.34375,0.291,3.325,0.6147750000000004,7410.226741468118,87.86515922403939,0
18.39999999999999,34.7947115,135.6408526,15.804456682762545,0,0,11.34625,0.29,3.275,0.6180500000000004,7410.226741468118,87.86515922403939,0
18.499999999999993,34.7947269,135.6408537,15.58042818553342,3,50,11.34625,0.289,3.275,0.6213250000000005,7409.921440067265,88.07611469377447,0
18.599999999999994,34.7947269,135.6408537,15.58042818553342,3,50,11.34625,0.295,3.35,0.6246750000000004,7409.921440067265,88.07611469377447,0
18.699999999999996,34.7947269,135.6408537,15.58042818553342,3,50,11.345,0.299,3.4,0.6280750000000004,7409.921440067265,88.07611469377447,0
18.799999999999997,34.7947575,135.6408554,15.390383294519692,3,50,11.3425,0.296,3.35,0.6314250000000003,7409.272736724485,88.24026132504198,0
18.9,34.7947575,135.6408554,15.390383294519692,3,50,11.345,0.294,3.325,0.6347500000000004,7409.272736724485,88.24026132504198,0
19.0,34.7947575,135.6408554,15.390383294519692,3,50,11.345,0.304,3.45,0.6382000000000003,7409.272736724485,88.24026132504198,0
19.1,34.7947575,135.6408554,15.390383294519692,3,50,11.34375,0.291,3.325,0.6415250000000003,7409.272736724485,88.24026132504198,0
19.200000000000003,34.7947882,135.6408567,15.166617759573612,3,50,11.345,0.296,3.35,0.6448750000000003,7408.587347163743,88.43810708256134,0
19.300000000000004,34.7947882,135.6408567,15.166617759573612,3,50,11.34375,0.298,3.4,0.6482750000000003,7408.587347163743,88.43810708256134,0
19.400000000000006,34.7947882,135.6408567,15.166617759573612,3,50,11.345,0.298,3.4,0.6516750000000002,7408.587347163743,88.43810708256134,0
19.500000000000007,34.7948036,135.6408571,15.166617759573612,3,50,11.34375,0.298,3.4,0.6550750000000002,7408.221674770554,88.42514521646896,0
19.60000000000001,34.7948036,135.6408571,15.166617759573612,3,50,11.34625,0.294,3.325,0.6584000000000002,7408.221674770554,88.42514521646896,0
19.70000000000001,34.7948036,135.6408571,15.166617759573612,3,50,11.3425,0.316,3.6,0.6620000000000003,7408.221674770554,88.42514521646896,0
19.80000000000001,34.7948345,135.6408577,14.713047094907868,3,50,11.345,0.296,3.35,0.6653500000000002,7407.471065404029,88.85273782721904,0
19.900000000000013,34.7948345,135.6408577,14.713047094907868,3,50,11.34625,0.294,3.325,0.6686750000000002,7407.471065404029,88.85273782721904,0
20.000000000000014,34.7948345,135.6408577,14.713047094907868,3,50,11.34375,0.303,3.475,0.6721500000000002,7407.471065404029,88.85273782721904,0
20.100000000000016,34.7948653,135.6408579,14.713047094907868,3,50,11.34625,0.29,3.275,0.6754250000000003,7406.688970550176,88.82690473559873,0
20.200000000000017,34.7948653,135.6408579,14.713047094907868,3,50,11.34625,0.296,3.35,0.6787750000000002,7406.688970550176,88.82690473559873,0
20.30000000000002,34.7948653,135.6408579,14.713047094907868,3,50,11.345,0.296,3.35,0.6821250000000002,7406.688970550176,88.82690473559873,0
20.40000000000002,34.7948653,135.6408579,14.713047094907868,3,50,11.345,0.294,3.325,0.6854500000000002,7406.688970550176,88.82690473559873,0
20.50000000000002,34.7948806,135.6408578,9.972164980677826,3,50,11.3425,0.29,3.275,0.6887250000000003,7406.28327910783,93.55498524446179,0
20.600000000000023,34.7948806,135.6408578,9.972164980677826,3,50,11.34375,0.289,3.275,0.6920000000000003,7406.28327910783,93.55498524446179,0
20.700000000000024,34.7948806,135.6408578,9.972164980677826,3,50,11.345,0.291,3.325,0.6953250000000003,7406.28327910783,93.55498524446179,0
20.800000000000026,34.7949113,135.6408542,8.226111642955045,3,50,11.34125,0.306,3.6,0.6989250000000004,7405.167838623303,95.27591109756051,0
20.900000000000027,34.7949113,135.6408542,8.226111642955045,3,50,11.34375,0.299,3.325,0.7022500000000004,7405.167838623303,95.27591109756051,0
21.00000000000003,34.7949113,135.6408542,8.226111642955045,3,50,11.345,0.303,3.45,0.7057000000000003,7405.167838623303,95.27591109756051,0
21.10000000000003,34.7949419,135.6408496,8.226111642955045,3,50,11.34375,0.299,3.4,0.7091000000000003,7403.967393903431,95.25102537463444,0
21.20000000000003,34.7949419,135.6408496,8.226111642955045,3,50,11.345,0.304,3.45,0.7125500000000002,7403.967393903431,95.25102537463444,0
21.300000000000033,34.7949419,135.6408496,8.226111642955045,3,50,11.34375,0.303,3.45,0.7160000000000002,7403.967393903431,95.25102537463444,0
21.400000000000034,34.7949419,135.6408496,8.226111642955045,3,50,11.345,0.294,3.325,0.7193250000000002,7403.967393903431,95.25102537463444,0
21.500000000000036,34.794957,135.6408472,7.789825625757665,3,50,11.34625,0.296,3.35,0.7226750000000002,7403.363951894004,95.67504970761354,0
21.600000000000037,34.794957,135.6408472,7.789825625757665,3,50,11.34625,0.294,3.325,0.7260000000000002,7403.363951894004,95.67504970761354,0
21.70000000000004,34.794957,135.6408472,7.789825625757665,3,50,11.345,0.296,3.35,0.7293500000000002,7403.363951894004,95.67504970761354,0
21.80000000000004,34.7949874,135.6408421,7.689901665747671,3,50,11.34625,0.311,3.525,0.7328750000000002,7402.126221282058,95.75032609253012,0
21.90000000000004,34.7949874,135.6408421,7.689901665747671,3,50,11.34375,0.3,3.35,0.7362250000000001,7402.126221282058,95.75032609253012,0
22.000000000000043,34.7949874,135.6408421,7.689901665747671,3,50,11.34625,0.3,3.4,0.7396250000000001,7402.126221282058,95.75032609253012,0
22.100000000000044,34.7950182,135.640839,7.689901665747671,3,50,11.345,0.304,3.45,0.743075,7401.057611793943,95.72500495520504,0
22.200000000000045,34.7950182,135.640839,7.689901665747671,3,50,11.34375,0.296,3.35,0.746425,7401.057611793943,95.72500495520504,0
22.300000000000047,34.7950182,135.640839,7.689901665747671,3,50,11.345,0.294,3.325,0.74975,7401.057611793943,95.72500495520504,0
22.40000000000005,34.7950182,135.640839,7.689901665747671,3,50,11.34375,0.3,3.4,0.75315,7401.057611793943,95.72500495520504,0
22.50000000000005,34.7950336,135.6408388,15.963757184774751,3,50,11.34625,0.299,3.4,0.75655,7400.644032814187,87.43826373308445,0
22.60000000000005,34.7950336,135.6408388,15.963757184774751,3,50,11.34625,0.305,3.45,0.7599999999999999,7400.644032814187,87.43826373308445,0
22.700000000000053,34.7950336,135.6408388,15.963757184774751,3,50,11.34375,0.299,3.4,0.7633999999999999,7400.644032814187,87.43826373308445,0
22.800000000000054,34.7950643,135.6408391,18.170352248984923,3,50,11.34625,0.318,3.6,0.7669999999999999,7399.882879158271,85.20586171979771,0
22.900000000000055,34.7950643,135.6408391,18.170352248984923,3,50,11.34625,0.296,3.35,0.7703499999999999,7399.882879158271,85.20586171979771,0
23.000000000000057,34.7950643,135.6408391,18.170352248984923,3,50,11.34625,0.29,3.275,0.7736249999999999,7399.882879158271,85.20586171979771,0
23.10000000000006,34.7950949,135.6408406,18.170352248984923,3,50,11.345,0.291,3.325,0.7769499999999999,7399.23263042518,85.17993638786677,0
23.20000000000006,34.7950949,135.6408406,18.170352248984923,3,50,11.3475,0.296,3.35,0.7802999999999999,7399.23263042518,85.17993638786677,0
23.30000000000006,34.7950949,135.6408406,18.170352248984923,3,50,11.345,0.3,3.4,0.7836999999999998,7399.23263042518,85.17993638786677,0
23.400000000000063,34.7950949,135.6408406,18.170352248984923,3,50,11.34625,0.3,3.4,0.7870999999999998,7399.23263042518,85.17993638786677,0
23.500000000000064,34.7951101,135.6408416,20.141927334044123,3,50,11.34375,0.299,3.4,0.7904999999999998,7398.932889169215,83.19543985058266,0
23.600000000000065,34.7951101,135.6408416,20.141927334044123,3,50,11.34625,0.303,3.4,0.7938999999999997,7398.932889169215,83.19543985058266,0
23.700000000000067,34.7951101,135.6408416,20.141927334044123,3,50,11.34375,0.294,3.325,0.7972249999999997,7398.932889169215,83.19543985058266,0
23.800000000000068,34.7951409,135.640844,21.197860919349754,3,50,11.34,0.319,3.6,0.8008249999999998,7398.359944091367,82.11325891536228,0
23.90000000000007,34.7951409,135.640844,21.197860919349754,3,50,11.34375,0.301,3.4,0.8042249999999997,7398.359944091367,82.11325891536228,0
24.00000000000007,34.7951409,135.640844,21.197860919349754,3,50,11.34375,0.3,3.4,0.8076249999999997,7398.359944091367,82.11325891536228,0
24.100000000000072,34.7951713,135.6408475,21.197860919349754,3,50,11.34375,0.293,3.325,0.8109499999999997,7397.896704275683,82.08716360451933,0
24.200000000000074,34.7951713,135.6408475,21.197860919349754,3,50,11.3425,0.301,3.4,0.8143499999999997,7397.896704275683,82.08716360451933,0
24.300000000000075,34.7951713,135.6408475,21.197860919349754,3,50,11.3475,0.296,3.35,0.8176999999999996,7397.896704275683,82.08716360451933,0
24.400000000000077,34.7951713,135.6408475,21.197860919349754,3,50,11.34625,0.294,3.325,0.8210249999999997,7397.896704275683,82.08716360451933,0
24.500000000000078,34.7951865,135.6408502,26.72537421274287,3,50,11.34625,0.296,3.35,0.8243749999999996,7397.750277003762,76.54644635394035,0
24.60000000000008,34.7951865,135.6408502,26.72537421274287,3,50,11.3475,0.299,3.4,0.8277749999999996,7397.750277003762,76.54644635394035,0
24.70000000000008,34.7951865,135.6408502,26.72537421274287,3,50,11.345,0.3,3.4,0.8311749999999996,7397.750277003762,76.54644635394035,0
24.800000000000082,34.7952169,135.6408571,28.34247784780404,3,50,11.345,0.298,3.4,0.8345749999999995,7397.592219338916,74.90268884637057,0
24.900000000000084,34.7952169,135.6408571,28.34247784780404,3,50,11.34375,0.293,3.325,0.8378999999999995,7397.592219338916,74.90268884637057,0
25.000000000000085,34.7952169,135.6408571,28.34247784780404,3,50,11.3425,0.296,3.35,0.8412499999999995,7397.592219338916,74.90268884637057,0
25.100000000000087,34.795232,135.6408609,28.34247784780404,3,50,11.345,0.293,3.325,0.8445749999999995,7397.547504218418,74.88938849293612,0
25.200000000000088,34.795232,135.6408609,28.34247784780404,3,50,11.34625,0.289,3.275,0.8478499999999995,7397.547504218418,74.88938849293612,0
25.30000000000009,34.795232,135.6408609,28.34247784780404,3,50,11.34125,0.305,3.4,0.8512499999999995,7397.547504218418,74.88938849293612,0
25.40000000000009,34.795232,135.6408609,28.34247784780404,3,50,11.34375,0.291,3.325,0.8545749999999995,7397.547504218418,74.88938849293612,0
25.500000000000092,34.7952616,135.6408698,39.59477395819858,3,50,11.34375,0.299,3.4,0.8579749999999995,7397.590280645807,63.610783985783314,0
25.600000000000094,34.7952616,135.6408698,39.59477395819858,3,50,11.34625,0.299,3.4,0.8613749999999994,7397.590280645807,63.610783985783314,0
25.700000000000095,34.7952616,135.6408698,39.59477395819858,3,50,11.34375,0.306,3.475,0.8648499999999995,7397.590280645807,63.610783985783314,0
25.800000000000097,34.7952888,135.640887,48.17404821615195,3,50,11.34375,0.311,3.525,0.8683749999999995,7398.434857144769,55.00587212816698,0
25.900000000000098,34.7952888,135.640887,48.17404821615195,3,50,11.34625,0.299,3.4,0.8717749999999994,7398.434857144769,55.00587212816698,0
26.0000000000001,34.7952888,135.640887,48.17404821615195,3,50,11.3475,0.298,3.4,0.8751749999999994,7398.434857144769,55.00587212816698,0
26.1000000000001,34.795302,135.6408966,48.17404821615195,3,50,11.345,0.296,3.35,0.8785249999999993,7398.956908188663,54.99322954822162,0
26.200000000000102,34.795302,135.6408966,48.17404821615195,3,50,11.345,0.299,3.4,0.8819249999999993,7398.956908188663,54.99322954822162,0
26.300000000000104,34.795302,135.6408966,48.17404821615195,3,50,11.34375,0.298,3.45,0.8853749999999992,7398.956908188663,54.99322954822162,0
26.400000000000105,34.795302,135.6408966,48.17404821615195,3,50,11.345,0.298,3.4,0.8887749999999992,7398.956908188663,54.99322954822162,0
26.500000000000107,34.7953281,135.6409157,52.83579575865823,3,50,11.34625,0.291,3.4,0.8921749999999992,7400.000728835893,50.306470297843575,0
26.600000000000108,34.7953281,135.6409157,52.83579575865823,3,50,11.3475,0.293,3.325,0.8954999999999992,7400.000728835893,50.306470297843575,0
26.70000000000011,34.7953281,135.6409157,52.83579575865823,3,50,11.34375,0.295,3.35,0.8988499999999991,7400.000728835893,50.306470297843575,0
26.80000000000011,34.7953514,135.64094,61.76008677725104,3,50,11.34625,0.311,3.525,0.9023749999999992,7401.57986195383,41.358687418085715,0
26.900000000000112,34.7953514,135.64094,61.76008677725104,3,50,11.345,0.294,3.325,0.9056999999999992,7401.57986195383,41.358687418085715,0
27.000000000000114,34.7953514,135.64094,61.76008677725104,1,50,11.345,0.3,3.4,0.9090999999999991,7401.57986195383,41.358687418085715,0
27.100000000000115,34.7953621,135.6409536,61.76008677725104,1,50,11.34375,0.3,3.4,0.9124999999999991,7402.5230143117105,41.347509340615495,0
27.200000000000117,34.7953621,135.6409536,61.76008677725104,1,50,11.34375,0.303,3.45,0.915949999999999,7402.5230143117105,41.347509340615495,0
27.300000000000118,34.7953621,135.6409536,61.76008677725104,1,50,11.345,0.289,3.275,0.9192249999999991,7402.5230143117105,41.347509340615495,0
27.40000000000012,34.7953621,135.6409536,61.76008677725104,1,50,11.3425,0.296,3.35,0.922574999999999,7402.5230143117105,41.347509340615495,0
27.50000000000012,34.7953811,135.6409828,73.43071489883593,1,50,11.34625,0.299,3.4,0.925974999999999,7404.6486685992795,29.65622690364589,0
27.600000000000122,34.7953811,135.6409828,73.43071489883593,1,50,11.345,0.29,3.275,0.929249999999999,7404.6486685992795,29.65622690364589,0
27.700000000000124,34.7953811,135.6409828,73.43071489883593,1,50,11.34625,0.299,3.4,0.932649999999999,7404.6486685992795,29.65622690364589,0
27.800000000000125,34.7953976,135.6410146,74.43297685764361,1,50,11.3425,0.306,3.475,0.936124999999999,7407.069711764317,28.635003444703795,0
27.900000000000126,34.7953976,135.6410146,74.43297685764361,1,50,11.34625,0.299,3.4,0.9395249999999989,7407.069711764317,28.635003444703795,0
28.000000000000128,34.7953976,135.6410146,74.43297685764361,1,50,11.34625,0.294,3.325,0.942849999999999,7407.069711764317,28.635003444703795,0
28.10000000000013,34.7954057,135.6410303,74.43297685764361,1,50,11.345,0.298,3.4,0.9462499999999989,7408.266460377012,28.625685304292176,0
28.20000000000013,34.7954057,135.6410303,74.43297685764361,1,50,11.345,0.296,3.35,0.9495999999999989,7408.266460377012,28.625685304292176,0
28.300000000000132,34.7954057,135.6410303,74.43297685764361,1,50,11.34375,0.293,3.325,0.9529249999999989,7408.266460377012,28.625685304292176,0
28.400000000000134,34.7954057,135.6410303,74.43297685764361,1,50,11.3425,0.31,3.525,0.9564499999999989,7408.266460377012,28.625685304292176,0
28.500000000000135,34.7954218,135.6410618,74.31685681156422,1,50,11.345,0.341,3.85,0.9602999999999989,7410.671956150821,28.723245967182596,0
28.600000000000136,34.7954218,135.6410618,74.31685681156422,1,50,11.34125,0.311,3.525,0.9638249999999989,7410.671956150821,28.723245967182596,0
28.700000000000138,34.7954218,135.6410618,74.31685681156422,1,50,11.3425,0.299,3.4,0.9672249999999989,7410.671956150821,28.723245967182596,0
28.80000000000014,34.7954377,135.641094,76.42506300078036,1,50,11.345,0.324,3.675,0.9708999999999989,7413.14563216492,26.59654826566966,0
28.90000000000014,34.7954377,135.641094,76.42506300078036,1,50,11.34375,0.291,3.325,0.9742249999999989,7413.14563216492,26.59654826566966,0
29.000000000000142,34.7954377,135.641094,76.42506300078036,1,50,11.345,0.291,3.325,0.9775499999999989,7413.14563216492,26.59654826566966,0
29.100000000000144,34.7954443,135.641111,76.42506300078036,1,50,11.345,0.306,3.475,0.9810249999999989,7414.496700956714,26.588295617251063,0
29.200000000000145,34.7954443,135.641111,76.42506300078036,1,50,11.34625,0.289,3.275,0.984299999999999,7414.496700956714,26.588295617251063,0
29.300000000000146,34.7954443,135.641111,76.42506300078036,1,50,11.34625,0.326,3.675,0.9879749999999989,7414.496700956714,26.588295617251063,0
29.400000000000148,34.7954443,135.641111,76.42506300078036,1,50,11.34375,0.291,3.325,0.991299999999999,7414.496700956714,26.588295617251063,0
29.50000000000015,34.7954536,135.6411466,90.19993580186278,1,50,11.345,0.295,3.35,0.9946499999999989,7417.439200586487,12.799941205270468,0
29.60000000000015,34.7954536,135.6411466,90.19993580186278,1,50,11.345,0.291,3.325,0.997974999999999,7417.439200586487,12.799941205270468,0
29.700000000000152,34.7954536,135.6411466,90.19993580186278,1,50,11.34625,0.294,3.325,1.001299999999999,7417.439200586487,12.799941205270468,0
29.800000000000153,34.7954611,135.641183,90.78966116499085,1,50,11.34375,0.313,3.6,1.004899999999999,7420.498284646316,12.198126077284348,0
29.900000000000155,34.7954611,135.641183,90.78966116499085,1,50,11.34625,0.296,3.35,1.008249999999999,7420.498284646316,12.198126077284348,0
30.000000000000156,34.7954611,135.641183,90.78966116499085,1,50,11.345,0.301,3.4,1.011649999999999,7420.498284646316,12.198126077284348,0
30.100000000000158,34.7954647,135.6412011,90.78966116499085,1,50,11.345,0.304,3.45,1.015099999999999,7422.022766010811,12.192226540089269,0
30.20000000000016,34.7954647,135.6412011,90.78966116499085,1,50,11.3425,0.291,3.325,1.018424999999999,7422.022766010811,12.192226540089269,0
30.30000000000016,34.7954647,135.6412011,90.78966116499085,1,50,11.34625,0.3,3.325,1.021749999999999,7422.022766010811,12.192226540089269,0
30.400000000000162,34.7954647,135.6412011,90.78966116499085,1,50,11.34625,0.295,3.35,1.025099999999999,7422.022766010811,12.192226540089269,0
30.500000000000163,34.7954717,135.6412374,90.75710848340657,1,50,11.345,0.299,3.4,1.028499999999999,7425.085855959385,12.213139032659283,0
30.600000000000165,34.7954717,135.6412374,90.75710848340657,1,50,11.34375,0.291,3.325,1.031824999999999,7425.085855959385,12.213139032659283,0
30.700000000000166,34.7954717,135.6412374,90.75710848340657,1,50,11.34375,0.296,3.325,1.0351499999999991,7425.085855959385,12.213139032659283,0
30.800000000000168,34.7954786,135.6412741,91.00285185955445,1,50,11.3425,0.321,3.65,1.038799999999999,7428.18740964413,11.955785265807855,0
30.90000000000017,34.7954786,135.6412741,91.00285185955445,1,50,11.34625,0.294,3.325,1.042124999999999,7428.18740964413,11.955785265807855,0
31.00000000000017,34.7954786,135.6412741,91.00285185955445,1,50,11.345,0.298,3.4,1.0455249999999991,7428.18740964413,11.955785265807855,0
31.100000000000172,34.7954818,135.6412924,91.00285185955445,1,50,11.34375,0.301,3.4,1.0489249999999992,7429.740051245859,11.950200930833686,0
31.200000000000173,34.7954818,135.6412924,91.00285185955445,1,50,11.345,0.3,3.4,1.0523249999999993,7429.740051245859,11.950200930833686,0
31.300000000000175,34.7954818,135.6412924,91.00285185955445,1,50,11.34375,0.3,3.4,1.0557249999999994,7429.740051245859,11.950200930833686,0
31.400000000000176,34.7954818,135.6412924,91.00285185955445,1,50,11.34625,0.291,3.325,1.0590499999999994,7429.740051245859,11.950200930833686,0
31.500000000000178,34.7954881,135.6413292,91.27595014332825,1,50,11.34375,0.295,3.35,1.0623999999999993,7432.865864989419,11.665992951575515,0
31.60000000000018,34.7954881,135.6413292,91.27595014332825,1,50,11.34625,0.293,3.325,1.0657249999999994,7432.865864989419,11.665992951575515,0
31.70000000000018,34.7954881,135.6413292,91.27595014332825,1,50,11.3475,0.293,3.325,1.0690499999999994,7432.865864989419,11.665992951575515,0
31.800000000000182,34.795494,135.6413659,91.27595014332825,1,50,11.34625,0.291,3.35,1.0723999999999994,7435.992956574007,11.655243033111743,0
31.900000000000183,34.795494,135.6413659,91.27595014332825,1,50,11.345,0.296,3.35,1.0757499999999993,7435.992956574007,11.655243033111743,0
32.000000000000185,34.795494,135.6413659,91.27595014332825,1,50,11.345,0.294,3.325,1.0790749999999993,7435.992956574007,11.655243033111743,0
32.100000000000186,34.7954969,135.6413844,91.27595014332825,1,50,11.345,0.294,3.325,1.0823999999999994,7437.571219060393,11.649889546801731,0
32.20000000000019,34.7954969,135.6413844,91.27595014332825,1,50,11.34125,0.291,3.35,1.0857499999999993,7437.571219060393,11.649889546801731,0
32.30000000000019,34.7954969,135.6413844,91.27595014332825,1,50,11.34375,0.305,3.45,1.0891999999999993,7437.571219060393,11.649889546801731,0
32.40000000000019,34.7954969,135.6413844,91.27595014332825,1,50,11.34375,0.293,3.325,1.0925249999999993,7437.571219060393,11.649889546801731,0
32.50000000000019,34.7955025,135.6414211,91.46114389248397,1,50,11.3475,0.305,3.325,1.0958499999999993,7440.706130310256,11.454210245734814,0
32.60000000000019,34.7955025,135.6414211,91.46114389248397,1,50,11.34375,0.308,3.475,1.0993249999999992,7440.706130310256,11.454210245734814,0
32.700000000000195,34.7955025,135.6414211,91.46114389248397,1,50,11.34125,0.291,3.325,1.1026499999999992,7440.706130310256,11.454210245734814,0
32.800000000000196,34.7955052,135.6414396,91.44569400458141,1,50,11.34375,0.293,3.325,1.1059749999999993,7442.289535558954,11.46448056892274,0
32.9000000000002,34.7955052,135.6414396,91.44569400458141,1,50,11.345,0.299,3.4,1.1093749999999993,7442.289535558954,11.46448056892274,0
33.0000000000002,34.7955052,135.6414396,91.44569400458141,1,50,11.34375,0.294,3.325,1.1126999999999994,7442.289535558954,11.46448056892274,0
33.1000000000002,34.7955105,135.6414766,91.44569400458141,1,50,11.3475,0.296,3.35,1.1160499999999993,7445.459000906863,11.454211596859988,0
33.2000000000002,34.7955105,135.6414766,91.44569400458141,1,50,11.34375,0.296,3.35,1.1193999999999993,7445.459000906863,11.454211596859988,0
33.3000000000002,34.7955105,135.6414766,91.44569400458141,1,50,11.3425,0.329,3.725,1.1231249999999993,7445.459000906863,11.454211596859988,0
33.400000000000205,34.7955105,135.6414766,91.44569400458141,1,50,11.3425,0.321,3.65,1.1267749999999992,7445.459000906863,11.454211596859988,0
33.500000000000206,34.7955157,135.6415134,91.39801928417472,1,50,11.34375,0.31,3.525,1.1302999999999992,7448.613332667641,11.491741104509806,0
33.60000000000021,34.7955157,135.6415134,91.39801928417472,1,50,11.34375,0.316,3.6,1.1338999999999992,7448.613332667641,11.491741104509806,0
33.70000000000021,34.7955157,135.6415134,91.39801928417472,1,50,11.34375,0.31,3.525,1.1374249999999992,7448.613332667641,11.491741104509806,0
33.80000000000021,34.7955182,135.641532,91.38394909448449,1,50,11.34375,0.313,3.575,1.1409999999999993,7450.210899656263,11.50079392625428,0
33.90000000000021,34.7955182,135.641532,91.38394909448449,1,50,11.3475,0.316,3.6,1.1445999999999994,7450.210899656263,11.50079392625428,0
34.00000000000021,34.7955182,135.641532,91.38394909448449,1,50,11.3425,0.293,3.325,1.1479249999999994,7450.210899656263,11.50079392625428,0
34.100000000000215,34.7955228,135.6415689,91.38394909448449,1,50,11.34375,0.299,3.4,1.1513249999999995,7453.3893170171505,11.491146727256575,0
34.200000000000216,34.7955228,135.6415689,91.38394909448449,1,50,11.34625,0.298,3.4,1.1547249999999996,7453.3893170171505,11.491146727256575,0
34.30000000000022,34.7955228,135.6415689,91.38394909448449,1,50,11.34625,0.3,3.4,1.1581249999999996,7453.3893170171505,11.491146727256575,0
34.40000000000022,34.7955228,135.6415689,91.38394909448449,1,50,11.345,0.296,3.35,1.1614749999999996,7453.3893170171505,11.491146727256575,0
34.50000000000022,34.7955269,135.6416059,92.76469232577008,1,50,11.34375,0.295,3.35,1.1648249999999996,7456.589205780828,10.101166032510866,0
34.60000000000022,34.7955269,135.6416059,92.76469232577008,1,50,11.345,0.298,3.4,1.1682249999999996,7456.589205780828,10.101166032510866,0
34.70000000000022,34.7955269,135.6416059,92.76469232577008,1,50,11.345,0.3,3.4,1.1716249999999997,7456.589205780828,10.101166032510866,0
34.800000000000225,34.7955288,135.6416243,92.76469232577008,1,50,11.34625,0.299,3.4,1.1750249999999998,7458.184000652083,10.096691113149152,0
34.900000000000226,34.7955288,135.6416243,92.76469232577008,1,50,11.34625,0.304,3.35,1.1783749999999997,7458.184000652083,10.096691113149152,0
35.00000000000023,34.7955288,135.6416243,92.76469232577008,1,50,11.34375,0.288,3.275,1.1816499999999996,7458.184000652083,10.096691113149152,0
35.10000000000023,34.7955325,135.6416616,92.76469232577008,1,50,11.34375,0.298,3.4,1.1850499999999997,7461.420803761833,10.087751987576588,0
35.20000000000023,34.7955325,135.6416616,92.76469232577008,1,50,11.345,0.284,3.225,1.1882749999999997,7461.420803761833,10.087751987576588,0
35.30000000000023,34.7955325,135.6416616,92.76469232577008,1,50,11.34375,0.298,3.4,1.1916749999999998,7461.420803761833,10.087751987576588,0
35.40000000000023,34.7955325,135.6416616,92.76469232577008,1,50,11.34625,0.298,3.4,1.1950749999999999,7461.420803761833,10.087751987576588,0
35.500000000000234,34.7955359,135.6416987,92.81762629183768,1,50,11.34625,0.296,3.35,1.1984249999999999,7464.647332444124,10.02616805638341,0
35.600000000000236,34.7955359,135.6416987,92.81762629183768,1,50,11.34625,0.293,3.325,1.2017499999999999,7464.647332444124,10.02616805638341,0
35.70000000000024,34.7955359,135.6416987,92.81762629183768,1,50,11.345,0.303,3.45,1.2051999999999998,7464.647332444124,10.02616805638341,0
35.80000000000024,34.7955375,135.6417174,93.41405207054153,1,50,11.3425,0.314,3.575,1.208775,7466.276507566478,9.425479955470212,0
35.90000000000024,34.7955375,135.6417174,93.41405207054153,1,50,11.345,0.299,3.4,1.212175,7466.276507566478,9.425479955470212,0
36.00000000000024,34.7955375,135.6417174,93.41405207054153,1,50,11.345,0.298,3.4,1.215575,7466.276507566478,9.425479955470212,0
36.10000000000024,34.7955404,135.6417548,93.41405207054153,1,50,11.34375,0.295,3.35,1.218925,7469.542365167501,9.417210819476832,0
36.200000000000244,34.7955404,135.6417548,93.41405207054153,1,50,11.34625,0.305,3.45,1.222375,7469.542365167501,9.417210819476832,0
36.300000000000246,34.7955404,135.6417548,93.41405207054153,1,50,11.34375,0.305,3.45,1.225825,7469.542365167501,9.417210819476832,0
36.40000000000025,34.7955404,135.6417548,93.41405207054153,1,50,11.34625,0.296,3.35,1.229175,7469.542365167501,9.417210819476832,0
36.50000000000025,34.7955431,135.6417918,93.39531003145902,1,50,11.345,0.299,3.4,1.232575,7472.777602256038,9.427919991566574,0
36.60000000000025,34.7955431,135.6417918,93.39531003145902,1,50,11.345,0.289,3.275,1.23585,7472.777602256038,9.427919991566574,0
36.70000000000025,34.7955431,135.6417918,93.39531003145902,1,50,11.34625,0.296,3.35,1.2391999999999999,7472.777602256038,9.427919991566574,0
36.80000000000025,34.7955444,135.6418105,93.38423146462526,1,50,11.34125,0.308,3.475,1.2426749999999998,7474.414352403579,9.434995127971098,0
36.900000000000254,34.7955444,135.6418105,93.38423146462526,1,50,11.345,0.294,3.325,1.2459999999999998,7474.414352403579,9.434995127971098,0
37.000000000000256,34.7955444,135.6418105,93.38423146462526,1,50,11.34625,0.313,3.575,1.2495749999999999,7474.414352403579,9.434995127971098,0
37.10000000000026,34.7955469,135.641848,93.38423146462526,1,50,11.345,0.296,3.35,1.2529249999999998,7477.699342773502,9.427061144811157,0
37.20000000000026,34.7955469,135.641848,93.38423146462526,1,50,11.345,0.296,3.35,1.2562749999999998,7477.699342773502,9.427061144811157,0
37.30000000000026,34.7955469,135.641848,93.38423146462526,1,50,11.34375,0.305,3.45,1.2597249999999998,7477.699342773502,9.427061144811157,0
37.40000000000026,34.7955469,135.641848,93.38423146462526,1,50,11.345,0.295,3.35,1.2630749999999997,7477.699342773502,9.427061144811157,0
37.50000000000026,34.7955493,135.6418854,93.38016067187992,1,50,11.34625,0.296,3.525,1.2665999999999997,7480.978006881872,9.423303687493847,0
37.600000000000264,34.7955493,135.6418854,93.38016067187992,1,50,11.34375,0.298,3.4,1.2699999999999998,7480.978006881872,9.423303687493847,0
37.700000000000266,34.7955493,135.6418854,93.38016067187992,1,50,11.34625,0.298,3.4,1.2733999999999999,7480.978006881872,9.423303687493847,0
37.80000000000027,34.7955504,135.6419042,93.36602901048717,1,50,11.34625,0.319,3.6,1.277,7482.628770814675,9.433591394719608,0
37.90000000000027,34.7955504,135.6419042,93.36602901048717,1,50,11.3475,0.299,3.4,1.2804,7482.628770814675,9.433591394719608,0
38.00000000000027,34.7955504,135.6419042,93.36602901048717,1,50,11.34375,0.295,3.35,1.28375,7482.628770814675,9.433591394719608,0
38.10000000000027,34.7955525,135.6419414,93.36602901048717,1,50,11.3425,0.315,3.6,1.28735,7485.897153977368,9.426053944280925,0
38.20000000000027,34.7955525,135.6419414,93.36602901048717,1,50,11.345,0.303,3.45,1.2908,7485.897153977368,9.426053944280925,0
38.300000000000274,34.7955525,135.6419414,93.36602901048717,1,50,11.345,0.304,3.4,1.2942,7485.897153977368,9.426053944280925,0
38.400000000000276,34.7955525,135.6419414,93.36602901048717,1,50,11.345,0.298,3.4,1.2976,7485.897153977368,9.426053944280925,0
38.50000000000028,34.7955546,135.6419787,93.33548440451888,1,50,11.345,0.304,3.45,1.30105,7489.174590041384,9.449052122141152,0
38.60000000000028,34.7955546,135.6419787,93.33548440451888,1,50,11.34375,0.294,3.325,1.304375,7489.174590041384,9.449052122141152,0
38.70000000000028,34.7955546,135.6419787,93.33548440451888,1,50,11.34375,0.3,3.4,1.3077750000000001,7489.174590041384,9.449052122141152,0
38.80000000000028,34.7955555,135.6419975,93.33548440451888,1,50,11.345,0.303,3.4,1.3111750000000002,7490.830422126316,9.445382716225362,0
38.90000000000028,34.7955555,135.6419975,93.33548440451888,1,50,11.34625,0.304,3.45,1.3146250000000002,7490.830422126316,9.445382716225362,0
39.000000000000284,34.7955555,135.6419975,93.33548440451888,1,50,11.34625,0.291,3.325,1.3179500000000002,7490.830422126316,9.445382716225362,0
39.100000000000286,34.7955574,135.6420347,93.3221313846915,1,50,11.345,0.296,3.35,1.3213000000000001,7494.104025117164,9.451380801139393,0
39.20000000000029,34.7955574,135.6420347,93.3221313846915,1,50,11.34625,0.294,3.325,1.3246250000000002,7494.104025117164,9.451380801139393,0
39.30000000000029,34.7955574,135.6420347,93.3221313846915,1,50,11.34375,0.31,3.525,1.3281500000000002,7494.104025117164,9.451380801139393,0
39.40000000000029,34.7955574,135.6420347,93.3221313846915,1,50,11.34625,0.299,3.4,1.3315500000000002,7494.104025117164,9.451380801139393,0
39.50000000000029,34.7955591,135.642072,93.31321798782463,1,50,11.345,0.304,3.45,1.3350000000000002,7497.391574579845,9.453096219752716,0
39.60000000000029,34.7955591,135.642072,93.31321798782463,1,50,11.34625,0.294,3.325,1.3383250000000002,7497.391574579845,9.453096219752716,0
39.700000000000294,34.7955591,135.642072,93.31321798782463,1,50,11.34625,0.291,3.325,1.3416500000000002,7497.391574579845,9.453096219752716,0
39.800000000000296,34.7955599,135.6420906,93.29961908118713,1,50,11.3425,0.306,3.475,1.3451250000000001,7499.032154675337,9.463147752246865,0
39.9000000000003,34.7955599,135.6420906,93.29961908118713,1,50,11.34875,0.294,3.325,1.3484500000000001,7499.032154675337,9.463147752246865,0
40.0000000000003,34.7955599,135.6420906,93.29961908118713,1,50,11.3475,0.299,3.4,1.3518500000000002,7499.032154675337,9.463147752246865,0
40.1000000000003,34.7955615,135.6421281,93.2866212311966,1,50,11.34625,0.299,3.4,1.3552500000000003,7502.340177967295,9.469009052229971,0
40.2000000000003,34.7955615,135.6421281,93.2866212311966,1,50,11.34625,0.3,3.4,1.3586500000000004,7502.340177967295,9.469009052229971,0
40.3000000000003,34.7955615,135.6421281,93.2866212311966,1,50,11.345,0.298,3.4,1.3620500000000004,7502.340177967295,9.469009052229971,0
40.400000000000304,34.7955615,135.6421281,93.2866212311966,1,50,11.3425,0.291,3.325,1.3653750000000004,7502.340177967295,9.469009052229971,0
40.500000000000306,34.7955623,135.6421466,93.27299500380242,1,50,11.345,0.294,3.325,1.3687000000000005,7503.971917474421,9.479108045872904,0
40.60000000000031,34.7955623,135.6421466,93.27299500380242,1,50,11.34375,0.298,3.4,1.3721000000000005,7503.971917474421,9.479108045872904,0
40.70000000000031,34.7955623,135.6421466,93.27299500380242,1,50,11.34625,0.291,3.325,1.3754250000000006,7503.971917474421,9.479108045872904,0
40.80000000000031,34.7955637,135.6421842,93.25615858749835,1,50,11.345,0.296,3.35,1.3787750000000005,7507.29392980446,9.488967675087242,0
40.90000000000031,34.7955637,135.6421842,93.25615858749835,1,50,11.34625,0.295,3.35,1.3821250000000005,7507.29392980446,9.488967675087242,0
41.00000000000031,34.7955637,135.6421842,93.25615858749835,1,50,11.3425,0.296,3.35,1.3854750000000005,7507.29392980446,9.488967675087242,0
41.100000000000314,34.7955651,135.6422217,93.24333149223706,1,50,11.345,0.293,3.325,1.3888000000000005,7510.607125461046,9.494839586933626,0
41.200000000000315,34.7955651,135.6422217,93.24333149223706,1,50,11.345,0.291,3.325,1.3921250000000005,7510.607125461046,9.494839586933626,0
41.30000000000032,34.7955651,135.6422217,93.24333149223706,1,50,11.345,0.296,3.35,1.3954750000000005,7510.607125461046,9.494839586933626,0
